City_ID,City,Lat,Lng,Max Temp,Humidity,Cloudiness,Wind Speed,Country,Date
0,port mathurin,-19.6833,63.4167,25.05,78,100,6.4,MU,1733865883
1,tiksi,71.6872,128.8694,-30.98,99,63,1.45,RU,1733865884
2,nueva guinea,11.6876,-84.4562,26.1,85,43,5.44,NI,1733865885
3,blackmans bay,-43.0167,147.3167,14.07,72,91,1.34,AU,1733865886
4,utrik,11.2278,169.8474,27.57,80,100,9.52,MH,1733865887
5,waitangi,-43.9535,-176.5597,16.01,85,77,1.34,NZ,1733865889
6,natal,-5.795,-35.2094,27.12,74,20,6.17,BR,1733865765
7,san luis de la loma,17.2706,-100.8939,28.9,70,4,3.07,MX,1733865891
8,adamstown,-25.066,-130.1015,23.14,78,48,5.98,PN,1733865892
9,jamestown,42.097,-79.2353,7.8,98,100,2.06,US,1733865893
10,yellowknife,62.456,-114.3525,-28.71,76,75,2.57,CA,1733865809
11,hermanus,-34.4187,19.2345,20.45,92,2,2.37,ZA,1733865895
12,la passe,45.5549,-0.8967,5.38,79,100,5.34,FR,1733865897
13,rio grande,-32.035,-52.0986,20.71,73,5,4.39,BR,1733865898
14,ta`u,-14.2336,-169.5144,27.18,78,100,5.67,AS,1733865899
15,ndele,8.4109,20.6473,25.15,24,17,2.6,CF,1733865900
16,merizo village,13.2658,144.6691,26.66,93,87,6.72,GU,1733865901
17,port lincoln,-34.7333,135.8667,15.98,72,5,3.73,AU,1733865902
18,tolanaro,-25.0319,46.9987,24.04,83,40,8.23,MG,1733865903
19,nabire,-3.3667,135.4833,23.89,92,100,1.12,ID,1733865905
20,katsuura,35.1333,140.3,11.38,62,94,4.53,JP,1733865906
21,tromso,69.6496,18.957,0.01,86,75,8.23,NO,1733865907
22,piacabucu,-10.4056,-36.4344,25.89,69,14,5.67,BR,1733865908
23,longyearbyen,78.2186,15.6401,-8.09,79,100,10.29,SJ,1733865675
24,port elizabeth,-33.918,25.5701,19.06,91,0,2.57,ZA,1733865910
25,ishpeming,46.4885,-87.6676,-4.16,82,100,2.24,US,1733865691
26,kailua-kona,19.6406,-155.9956,28.49,63,0,5.14,US,1733865913
27,geraldton,-28.7667,114.6,32.23,48,92,6.69,AU,1733865914
28,tapa,59.2606,25.9586,0.52,91,40,3.91,EE,1733865915
29,edinburgh of the seven seas,-37.0676,-12.3116,14.89,78,62,8.96,SH,1733865916
30,ilulissat,69.2167,-51.1,-7.99,38,0,7.2,GL,1733865919
31,kyren,51.6828,102.1408,-18.88,82,49,0.32,RU,1733865920
32,wailua homesteads,22.0669,-159.378,26.44,82,20,6.69,US,1733865922
33,port-aux-francais,-49.35,70.2167,4.13,69,66,8.89,TF,1733865923
34,iqaluit,63.7506,-68.5145,-13.15,65,75,1.03,CA,1733865925
35,sinabang,2.4803,96.3801,24.61,92,100,3.15,ID,1733865926
36,olonkinbyen,70.9221,-8.7187,-7.11,62,99,8.22,SJ,1733865928
37,grytviken,-54.2811,-36.5092,2.7,63,27,1.06,GS,1733865929
38,bilibino,68.0546,166.4372,-26.55,95,100,1.36,RU,1733865930
39,waingapu,-9.6567,120.2641,25.51,86,100,2.23,ID,1733865931
40,puerto natales,-51.7236,-72.4875,14.25,41,40,5.66,CL,1733865679
41,saipan,15.1355,145.701,26.47,83,20,3.6,MP,1733865933
42,whitehorse,60.7161,-135.0538,-2.57,86,75,4.12,CA,1733865912
43,papatowai,-46.5619,169.4708,10.04,93,95,5.82,NZ,1733865935
44,ushuaia,-54.8,-68.3,10.81,43,0,9.26,AR,1733865937
45,afaahiti,-17.75,-149.2833,25.21,80,100,9.78,PF,1733865939
46,shahin dezh,36.6793,46.5669,2.2,81,26,0.68,IR,1733865940
47,margaret river,-33.95,115.0667,15.18,87,0,3.98,AU,1733865941
48,kulhudhuffushi,6.6221,73.07,27.6,70,31,1.0,MV,1733865942
49,pisco,-13.7,-76.2167,23.03,68,0,10.8,PE,1733865943
50,devonport,-41.1667,146.35,13.62,80,61,0.45,AU,1733865798
51,urucara,-2.5364,-57.76,30.13,61,99,0.32,BR,1733865945
52,dwarka,22.2394,68.9678,21.4,41,15,5.41,IN,1733865947
53,georgetown,5.4112,100.3354,25.96,87,20,1.54,MY,1733865799
54,lobujya,27.95,86.8167,-13.37,17,0,2.17,NP,1733865949
55,altai,46.3722,96.2583,-15.65,94,100,3.46,MN,1733865950
56,maceio,-9.6658,-35.7353,26.69,73,0,5.66,BR,1733865842
57,isafjordur,66.0755,-23.124,-0.73,72,100,1.49,IS,1733865952
58,gwanda,-20.9333,29.0,25.55,34,1,2.77,ZW,1733865953
59,necochea,-38.5473,-58.7368,17.72,74,2,7.84,AR,1733865954
60,albany,42.6001,-73.9662,4.77,90,100,2.24,US,1733865485
61,horta,38.5333,-28.6333,17.23,95,75,5.81,PT,1733865957
62,tual,-5.6667,132.75,28.16,78,90,2.38,ID,1733865958
63,west island,-12.1568,96.8225,26.99,89,75,7.2,CC,1733865959
64,soligalich,59.0778,42.2864,-2.92,95,100,4.81,RU,1733865960
65,callao,-12.0667,-77.15,21.16,73,0,5.14,PE,1733865961
66,atafu village,-8.5421,-172.5159,28.31,71,89,3.79,TK,1733865962
67,napier,-39.4833,176.9167,17.59,57,100,1.26,NZ,1733865963
68,leck,54.7669,8.9785,1.78,87,34,1.33,DE,1733865965
69,mirnyy,62.5353,113.9611,-15.69,90,100,6.06,RU,1733865966
70,petropavlovsk-kamchatsky,53.0452,158.6483,-6.67,79,75,2.0,RU,1733865967
71,acajutla,13.5928,-89.8275,29.03,62,0,2.24,SV,1733865906
72,uturoa,-16.7333,-151.4333,26.83,78,100,9.36,PF,1733865970
73,hawaiian paradise park,19.5933,-154.9731,26.04,75,100,2.06,US,1733865971
74,bethel,41.3712,-73.414,5.87,90,100,0.89,US,1733865697
75,cole harbour,44.6724,-63.4751,2.71,95,100,6.17,CA,1733865974
76,daru,-9.0763,143.2092,26.01,90,99,2.75,PG,1733865975
77,bardai,11.65,7.2333,22.34,29,100,4.02,NG,1733865976
78,winnemucca,40.973,-117.7357,4.03,26,9,0.31,US,1733865977
79,esmeraldas,-19.7625,-44.3139,23.55,80,99,1.05,BR,1733865718
80,preobrazheniye,42.9019,133.9064,-6.23,54,0,4.92,RU,1733865979
81,vilyuysk,63.7553,121.6247,-20.56,99,100,1.89,RU,1733865980
82,tazovsky,67.4667,78.7,-11.5,94,100,5.4,RU,1733865699
83,stanley,54.868,-1.6985,4.74,81,75,0.0,GB,1733865983
84,kavaratti,10.5669,72.642,27.56,72,100,3.06,IN,1733865984
85,puerto ayora,-0.7393,-90.3518,23.64,91,91,3.58,EC,1733865985
86,kapoeta,4.7717,33.5903,28.77,34,0,5.49,SS,1733865986
87,port alfred,-33.5906,26.891,19.54,96,95,2.7,ZA,1733865988
88,norman gardens,-23.3224,150.5393,26.29,78,75,1.54,AU,1733865989
89,luganville,-15.5333,167.1667,26.84,88,96,2.36,VU,1733865990
90,klyuchi,52.2667,79.1667,-17.82,86,85,6.77,RU,1733865991
91,xam nua,20.4197,104.0439,14.2,99,81,0.94,LA,1733865992
92,college,64.8569,-147.8028,-2.74,86,75,0.0,US,1733865993
93,pago pago,-14.2781,-170.7025,29.55,74,40,5.14,AS,1733865995
94,puerto lempira,15.2667,-83.7667,29.08,70,75,3.6,HN,1733865996
95,lompoc,34.6391,-120.4579,21.62,41,0,2.57,US,1733865997
96,san fernando de apure,7.8878,-67.4724,33.76,41,17,4.79,VE,1733865924
97,happy valley-goose bay,53.3168,-60.3315,-13.83,78,75,4.63,CA,1733865999
98,sitka,57.0531,-135.33,9.94,57,75,7.72,US,1733866001
99,arenapolis,-14.4503,-56.8461,28.36,64,79,2.19,BR,1733865770
100,kinango,-4.1372,39.3153,22.96,94,23,1.17,KE,1733866004
101,hamilton,39.1834,-84.5333,9.92,94,100,4.02,US,1733865432
102,sao vicente,-23.9631,-46.3919,22.19,94,100,3.58,BR,1733865844
103,sandnessjoen,66.0217,12.6316,4.12,65,40,9.26,NO,1733866007
104,opuwo,-18.0607,13.84,26.38,38,100,3.75,NA,1733866008
105,port saint john's,-31.6229,29.5448,23.25,85,60,0.97,ZA,1733866011
106,invercargill,-46.4,168.35,9.86,90,97,6.91,NZ,1733866012
107,oytal,42.9057,73.2697,-9.7,75,3,2.14,KZ,1733866013
108,thompson,55.7435,-97.8558,-24.91,70,75,4.63,CA,1733865986
109,howard springs,-12.497,131.047,26.01,88,100,2.04,AU,1733866015
110,ancud,-41.8697,-73.8203,14.17,69,100,3.91,CL,1733865803
111,san patricio,28.017,-97.5169,18.97,44,66,10.0,US,1733866017
112,villa ojo de agua,-29.5,-63.6938,28.52,29,38,7.11,AR,1733866019
113,qaqortoq,60.7167,-46.0333,0.68,55,100,8.25,GL,1733866020
114,buta,2.7858,24.73,25.9,43,67,1.05,CD,1733866021
115,lihue,21.9789,-159.3672,26.77,74,20,6.69,US,1733866022
116,val-d'or,48.1002,-77.7828,0.05,100,100,3.09,CA,1733866023
117,tionk essil,12.7856,-16.5217,23.67,46,99,2.94,SN,1733866024
118,haiku-pauwela,20.9219,-156.3051,27.01,64,20,13.41,US,1733866025
119,can,40.0333,27.0524,10.21,91,29,0.53,TR,1733865745
120,grahamstown,-33.3042,26.5328,15.24,88,87,0.41,ZA,1733866027
121,vilyuchinsk,52.9306,158.4028,-5.85,87,100,1.86,RU,1733866030
122,soroti,1.7146,33.6111,22.56,45,4,4.28,UG,1733866031
123,kununurra,-15.7667,128.7333,26.99,94,27,0.51,AU,1733866032
124,papao,-17.75,-149.55,28.82,78,100,10.4,PF,1733866033
125,chulakkurgan,43.765,69.1814,-10.35,82,5,2.08,KZ,1733866034
126,nouadhibou,20.931,-17.0347,18.99,72,0,8.23,MR,1733866035
127,sereflikochisar,38.9393,33.5386,10.31,74,87,3.99,TR,1733866036
128,usogorsk,63.4106,48.6872,-1.65,95,100,4.92,RU,1733866037
129,tot'ma,59.9747,42.7642,-2.38,94,100,4.88,RU,1733866041
130,aykhal,66.0,111.5,-24.43,100,99,2.11,RU,1733866042
131,chinde,26.8212,87.7095,12.61,69,66,2.75,NP,1733866043
132,i-n-salah,27.1935,2.4607,19.77,16,100,1.7,DZ,1733866044
133,punta arenas,-53.15,-70.9167,14.06,26,20,9.26,CL,1733866046
134,tura,25.5198,90.2201,13.13,79,8,1.63,IN,1733866047
135,bredasdorp,-34.5322,20.0403,19.94,81,21,1.9,ZA,1733866048
136,lebyazh'ye,55.2689,66.4947,-9.5,90,81,6.18,RU,1733866049
137,igarka,67.4667,86.5833,-12.77,94,100,7.42,RU,1733866050
138,ola,59.5833,151.2833,-20.76,87,33,5.52,RU,1733866051
139,glace bay,46.1969,-59.957,1.66,77,100,3.6,CA,1733866035
140,rocky mountain house,52.3668,-114.9188,-2.94,80,100,2.06,CA,1733866055
141,watsa,3.0372,29.5355,20.17,65,3,1.12,CD,1733866056
142,kolokani,13.5728,-8.0339,25.25,23,99,2.52,ML,1733866057
143,las terrenas,19.311,-69.5428,26.93,94,75,4.12,DO,1733866058
144,pali,25.7667,73.3333,12.94,37,0,3.53,IN,1733866059
145,arraial do cabo,-22.9661,-42.0278,26.98,74,0,1.54,BR,1733866061
146,sant antoni de portmany,38.9807,1.3036,10.61,79,0,1.03,ES,1733866062
147,antofagasta,-23.65,-70.4,18.6,78,100,4.04,CL,1733865813
148,talnakh,69.4865,88.3972,-12.86,94,100,7.02,RU,1733866064
149,coquimbo,-29.9533,-71.3436,16.85,68,75,5.14,CL,1733866065
150,dubbo,-32.25,148.6167,20.07,73,2,6.17,AU,1733865780
151,ardestan,33.3761,52.3694,5.32,72,8,0.66,IR,1733866069
152,polyarnyy,69.1989,33.4478,0.05,87,100,8.16,RU,1733866071
153,gainesville,29.6516,-82.3248,25.91,60,0,5.14,US,1733865983
154,kingston,17.997,-76.7936,30.53,70,20,10.29,JM,1733865920
155,bayanhongor,46.7167,100.1167,-17.7,97,100,0.47,MN,1733866074
156,berkeley heights,40.6834,-74.4427,9.04,96,100,3.13,US,1733865964
157,mount gambier,-37.8333,140.7667,13.91,71,15,2.25,AU,1733866076
158,broken hill,-31.95,141.4333,17.31,49,0,7.89,AU,1733866077
159,ribeira grande,38.5167,-28.7,17.65,94,75,5.81,PT,1733866079
160,mangrol,21.1167,70.1167,18.24,34,38,3.84,IN,1733866080
161,labrador city,52.9463,-66.9114,-14.34,85,100,4.12,CA,1733866081
162,kampene,-3.6,26.6667,19.94,99,77,0.72,CD,1733866082
163,takoradi,4.8845,-1.7554,26.5,85,1,3.83,GH,1733866083
164,gwadar,25.1216,62.3254,20.59,41,0,3.61,PK,1733866084
165,iskateley,67.6803,53.1512,-2.59,91,99,5.26,RU,1733866085
166,pasuruan,-7.6453,112.9075,25.25,89,100,0.82,ID,1733866086
167,basoko,1.2391,23.616,24.61,59,8,0.48,CD,1733866087
168,huskvarna,57.786,14.3021,-6.0,100,75,0.0,SE,1733866088
169,kapuskasing,49.4169,-82.4331,-9.95,85,75,3.6,CA,1733866090
170,st. john's,47.5649,-52.7093,-1.36,77,40,2.57,CA,1733866044
171,along,28.1667,94.7667,6.01,83,8,0.29,IN,1733866092
172,san clemente del tuyu,-36.3569,-56.7235,21.06,67,0,7.84,AR,1733866093
173,kirriemuir,56.674,-3.0034,-3.26,59,70,0.86,GB,1733866094
174,kutulik,53.3508,102.7839,-25.67,100,92,1.4,RU,1733866095
175,kolonia town,6.964,158.206,30.0,79,100,6.17,FM,1733866096
176,cabo san lucas,22.8909,-109.9124,25.42,52,0,3.09,MX,1733865885
177,salekhard,66.53,66.6019,-9.86,96,100,4.97,RU,1733866098
178,lake arrowhead,34.2483,-117.1892,13.46,10,0,2.24,US,1733866100
179,kodiak,57.79,-152.4072,5.73,93,100,11.83,US,1733866101
180,ambon,-3.6954,128.1814,27.71,100,100,1.93,ID,1733866102
181,tamanrasset,22.785,5.5228,10.95,11,0,1.54,DZ,1733866104
182,galle,6.0367,80.217,24.88,88,99,3.11,LK,1733866105
183,thurgoona,-36.0451,146.9919,14.62,64,5,1.14,AU,1733866106
184,ugoofaaru,5.6667,73.0,26.75,78,44,0.49,MV,1733866107
185,gadzhiyevo,69.2551,33.3362,-0.02,86,100,8.01,RU,1733866108
186,boende,-0.2167,20.8667,23.47,83,59,0.69,CD,1733866109
187,chiang rai,19.9167,99.9167,19.76,95,20,0.0,TH,1733866110
188,nemuro,43.3236,145.575,-0.95,64,100,3.03,JP,1733866111
189,quelimane,-17.8786,36.8883,22.88,84,9,1.31,MZ,1733866113
190,jinchang,38.4953,102.1739,-7.95,70,2,2.15,CN,1733866114
191,nyurba,63.2842,118.3319,-14.64,93,100,4.1,RU,1733866116
192,whakatane,-37.9585,176.9854,19.1,45,99,1.21,NZ,1733866117
193,manicore,-5.8092,-61.3003,29.76,64,100,0.37,BR,1733866118
194,lebu,-37.6167,-73.65,14.93,68,0,7.1,CL,1733866119
195,acarau,-2.8856,-40.12,26.91,73,82,7.83,BR,1733865913
196,sovetskiy,61.3614,63.5842,-6.65,85,100,4.96,RU,1733866122
197,scottburgh,-30.2867,30.7532,23.98,86,98,4.36,ZA,1733866123
198,novo aripuana,-5.1206,-60.3797,29.27,67,98,1.5,BR,1733866125
199,awjilah,29.1081,21.2869,16.49,32,99,2.58,LY,1733866126
200,balkanabat,39.5108,54.3671,4.26,58,1,4.58,TM,1733866127
201,mana,5.6592,-53.7767,26.46,82,8,4.75,GF,1733866128
202,howrah,22.5892,88.3103,17.0,94,34,0.0,IN,1733866129
203,xilin hot,43.9667,116.0333,-15.66,100,91,0.24,CN,1733866131
204,puerto cabezas,14.0351,-83.3888,29.98,79,40,4.12,NI,1733866132
205,vorgashor,67.5833,63.95,-8.07,94,100,7.7,RU,1733866133
206,tabas,33.5959,56.9244,7.86,47,24,2.96,IR,1733866134
207,heroica caborca,30.7167,-112.15,23.12,5,0,6.76,MX,1733866136
208,nuku'alofa,-21.1333,-175.2,28.19,74,20,7.2,TO,1733866137
209,khovd,48.0056,91.6419,-13.39,77,100,1.56,MN,1733866139
210,enewetak,11.3474,162.3373,27.78,77,75,6.15,MH,1733866140
211,lerwick,60.1545,-1.1494,9.09,97,100,6.67,GB,1733866141
212,bandon,51.7469,-8.7425,4.77,87,97,3.11,IE,1733866142
213,laojunmiao,39.8333,97.7333,-11.98,54,42,2.97,CN,1733866143
214,al badari,26.9926,31.4155,16.29,31,81,2.03,EG,1733866144
215,tekkali,18.6167,84.2333,21.58,88,99,2.4,IN,1733866146
216,mili,6.0815,171.735,28.09,81,100,8.74,MH,1733866147
217,mercedes,-34.6515,-59.4307,27.75,23,5,5.4,AR,1733866047
218,castillos,-34.1667,-53.8333,20.11,59,0,3.64,UY,1733865902
219,constantia,44.1833,28.65,2.61,96,99,6.89,RO,1733866150
220,santa vitoria do palmar,-33.5189,-53.3681,20.67,62,0,3.89,BR,1733866151
221,inongo,-1.95,18.2667,22.1,97,96,1.78,CD,1733866152
222,rabo de peixe,37.8,-25.5833,17.77,99,40,2.57,PT,1733866153
223,aldan,58.6031,125.3894,-17.15,96,100,5.21,RU,1733866155
224,fukuecho,32.6881,128.8419,11.06,60,96,2.58,JP,1733866156
225,pointe-noire,-4.7761,11.8635,25.79,90,100,2.84,CG,1733866157
226,okha,53.5739,142.9478,-7.66,82,97,4.86,RU,1733866158
227,nova sintra,14.8667,-24.7167,24.92,69,90,8.54,CV,1733866159
228,valparaiso,-33.0393,-71.6273,22.13,48,0,3.09,CL,1733865602
229,nadym,65.5333,72.5167,-13.05,94,100,6.22,RU,1733866162
230,penzance,50.1186,-5.5371,7.09,75,99,8.33,GB,1733866164
231,rakops,-21.0167,24.3333,31.31,25,40,5.58,BW,1733866165
232,prineville,44.2999,-120.8345,9.39,37,0,5.14,US,1733866166
233,adam,22.3756,57.5233,17.83,38,1,3.32,OM,1733866167
234,qarazhal,48.0078,70.7903,-19.02,91,29,2.69,KZ,1733866168
235,ilomantsi,62.6716,30.9328,2.31,94,100,4.71,FI,1733866169
236,taro,-8.3862,115.28,20.21,96,100,0.16,ID,1733866171
237,vega de alatorre,20.0333,-96.6333,26.86,70,0,3.59,MX,1733866172
238,weno,7.4515,151.8468,28.87,75,12,7.77,FM,1733866173
239,puerto armuelles,8.2833,-82.8667,25.61,83,97,0.45,PA,1733866095
240,keelung,25.1283,121.7419,20.05,87,48,3.41,TW,1733866175
241,touros,-5.1989,-35.4608,26.37,68,15,5.65,BR,1733866176
242,miramichi,47.0043,-65.4654,-2.01,94,100,2.57,CA,1733866177
243,balabac,7.9868,117.0645,27.96,83,100,5.54,PH,1733866179
244,ust'-kut,56.7938,105.7672,-13.74,89,100,3.36,RU,1733866180
245,anadyr,64.75,177.4833,-12.72,92,100,5.0,RU,1733866090
246,hengchun,22.0042,120.7439,21.92,78,94,3.32,TW,1733865942
247,goure,13.9835,10.2704,23.33,22,73,4.68,NE,1733866184
248,antsiranana,-12.2787,49.2917,25.47,77,25,4.98,MG,1733866185
249,santana,-0.0583,-51.1817,28.1,78,75,5.66,BR,1733865947
250,kone,-21.0595,164.8658,29.05,60,33,2.15,NC,1733866188
251,bandar,2.05,99.75,22.43,96,100,0.95,ID,1733866189
252,midvagur,62.0511,-7.1939,1.46,93,75,0.51,FO,1733866190
253,cadale,2.7603,46.3222,26.29,78,9,7.1,SO,1733865915
254,milford haven,51.7128,-5.0341,5.62,78,90,5.44,GB,1733866192
255,levoca,49.0217,20.5921,-0.54,90,100,2.32,SK,1733866193
256,ust-nera,64.5667,143.2,-24.39,100,100,0.82,RU,1733866194
257,akureyri,65.6835,-18.0878,-1.04,74,0,1.54,IS,1733866196
258,fada,7.25,4.0667,23.38,59,75,0.27,NG,1733866197
259,guilin,25.2819,110.2864,8.06,85,100,4.26,CN,1733866198
260,fort bragg,35.139,-79.006,21.75,75,100,1.54,US,1733866199
261,penalva,-3.2942,-45.1736,25.04,88,60,1.81,BR,1733866200
262,mount isa,-20.7333,139.5,26.87,89,100,2.06,AU,1733866201
263,basco,20.4487,121.9702,25.28,72,100,8.68,PH,1733866202
264,osh,40.5151,72.8083,-12.64,79,1,3.0,KG,1733866203
265,pak phanang,8.3511,100.202,25.7,84,100,2.83,TH,1733866205
266,jalai nur,49.45,117.7,-16.61,78,6,5.4,CN,1733866206
267,bodo,67.28,14.405,3.86,80,75,16.98,NO,1733866207
268,as sulayyil,20.4607,45.5779,16.4,36,0,3.19,SA,1733866208
269,buenaventura,3.8801,-77.0312,23.28,82,100,2.24,CO,1733866030
270,abqaiq,25.9371,49.6776,15.24,57,0,4.68,SA,1733865929
271,ilhabela,-23.7781,-45.3581,22.98,92,100,2.87,BR,1733866211
272,badger,64.8,-147.5333,-1.86,90,75,0.0,US,1733866213
273,aasiaat,68.7098,-52.8699,-15.65,80,11,3.38,GL,1733866214
274,inhuma,-6.6683,-41.7078,30.21,36,77,2.68,BR,1733866215
275,avarua,-21.2078,-159.775,27.03,78,75,8.75,CK,1733866216
276,sinop,41.7711,34.8709,9.66,77,100,5.4,TR,1733866217
277,deuchendorf,47.4649,15.3196,1.83,93,100,1.34,AT,1733866218
278,tralee,52.2704,-9.7026,0.58,97,26,2.0,IE,1733866219
279,zhaqsy,51.9083,67.3133,-10.23,78,100,8.88,KZ,1733866220
280,walvis bay,-22.9575,14.5053,18.42,76,99,3.02,NA,1733866211
281,prado,-17.3411,-39.2208,25.26,79,32,6.5,BR,1733866223
282,chonchi,-42.6128,-73.8092,16.73,70,100,1.2,CL,1733866224
283,babu,24.4167,111.5167,10.99,79,100,4.36,CN,1733866225
284,batticaloa,7.7102,81.6924,24.17,95,100,4.77,LK,1733866226
285,ujae,8.9322,165.7642,28.35,77,97,6.62,MH,1733866227
286,olinda,-8.0089,-34.8553,27.85,69,20,4.12,BR,1733866204
287,dudinka,69.4058,86.1778,-12.46,93,100,8.76,RU,1733866229
288,tasova,40.7597,36.3225,9.57,73,100,0.93,TR,1733866230
289,new carlisle,39.9362,-84.0255,9.23,94,75,3.6,US,1733866231
290,praia da vitoria,38.7333,-27.0667,17.14,88,75,3.95,PT,1733866233
291,kiunga,-6.1219,141.2906,24.13,100,100,0.3,PG,1733866234
292,diu,20.7141,70.9822,17.22,34,31,4.31,IN,1733866235
293,neiafu,-18.65,-173.9833,28.38,78,75,4.63,TO,1733866237
294,kargil,34.5667,76.1,-10.45,82,100,1.71,IN,1733866238
295,alofi,-19.0595,-169.9187,27.94,74,75,7.2,NU,1733866239
296,linhares,-19.3911,-40.0722,24.98,76,7,4.88,BR,1733866240
297,baiyin,36.5583,104.2081,-10.68,94,53,1.54,CN,1733866241
298,lubango,-14.9172,13.4925,16.92,88,0,2.57,AO,1733866242
299,new norfolk,-42.7826,147.0587,12.73,73,99,3.27,AU,1733866244
300,mcrae,32.068,-82.9007,22.11,62,98,4.49,US,1733866023
301,floro,61.5996,5.0328,3.98,100,100,3.6,NO,1733866246
302,balqash,46.8481,74.995,-13.07,69,0,1.89,KZ,1733866247
303,puerto baquerizo moreno,-0.9,-89.6,25.55,73,75,7.2,EC,1733866248
304,suva,-18.1416,178.4415,27.71,83,40,3.09,FJ,1733866249
305,cruzeiro do sul,-29.5128,-51.9853,24.73,77,85,2.3,BR,1733866250
306,tharad,24.3961,71.6267,13.02,34,1,2.46,IN,1733866251
307,ghat,24.9647,10.1728,16.89,12,100,2.31,LY,1733866252
308,lospalos,-8.5186,127.0025,23.99,93,100,2.41,TL,1733866253
309,leava,-14.3,-178.1667,27.09,80,100,3.99,WF,1733866254
310,boguchany,58.3814,97.4531,-16.26,86,99,3.7,RU,1733866255
311,novofedorivka,46.1713,32.3178,11.36,94,100,9.15,UA,1733866256
312,mossel bay,-34.1831,22.146,20.17,75,40,3.11,ZA,1733866258
313,crane,31.3974,-102.3501,10.27,25,41,7.9,US,1733866259
314,badagry,6.4167,2.8833,26.07,82,14,3.33,NG,1733866260
315,chui,-33.6971,-53.4616,18.66,72,0,3.37,UY,1733866261
316,tutayev,57.8853,39.5406,-3.36,86,93,5.12,RU,1733866262
317,ostersund,63.1792,14.6357,3.25,73,75,9.26,SE,1733866263
318,kushk,33.2957,61.9522,0.64,53,1,5.06,AF,1733866264
319,hadibu,12.65,54.0333,24.54,68,57,6.76,YE,1733866266
320,aripuana,-9.1667,-60.6333,28.28,70,55,1.25,BR,1733866267
321,inarajan village,13.2736,144.7484,26.54,93,80,7.41,GU,1733866268
322,hithadhoo,-0.6,73.0833,28.21,73,96,7.52,MV,1733866269
323,yuzhno-kurilsk,44.0306,145.8556,-1.28,70,97,2.63,RU,1733866270
324,repalle,16.0167,80.85,22.83,89,100,2.71,IN,1733866271
325,lakhdenpokh'ya,61.5198,30.1992,2.68,94,99,5.0,RU,1733866272
326,santa terezinha,-29.9002,-50.0904,20.02,88,89,7.88,BR,1733866273
327,mahibadhoo,3.7833,72.9667,27.54,69,41,1.18,MV,1733866274
328,san antonio de pale,-1.4014,5.6325,26.26,82,64,2.97,GQ,1733866275
329,les avirons,-21.2418,55.3394,23.05,78,0,6.69,RE,1733866276
330,abepura,-2.6333,140.5833,24.45,94,20,1.03,ID,1733866278
331,chipinge,-20.1883,32.6236,19.12,54,1,1.97,ZW,1733866279
332,ulsteinvik,62.3432,5.8487,7.64,89,100,1.69,NO,1733866280
333,marquette,46.5333,-87.6335,-3.99,81,100,1.34,US,1733866281
334,marolambo,-20.05,48.1167,21.44,92,88,0.17,MG,1733866283
335,zhalantun,48.0,122.7167,-14.75,70,8,7.04,CN,1733866284
336,gamba,-2.65,10.0,25.39,87,98,1.7,GA,1733866285
337,malvan,16.0667,73.4667,24.84,69,9,2.89,IN,1733866287
338,broome,42.2506,-75.833,9.23,95,100,5.66,US,1733866288
339,shimoda,34.6667,138.95,8.61,72,96,4.14,JP,1733866289
340,nova xavantina,-14.6667,-52.35,25.42,83,49,0.53,BR,1733866290
341,udachny,66.4167,112.4,-27.71,100,96,1.59,RU,1733866292
342,xinzhi,36.4989,111.7047,0.77,90,88,0.56,CN,1733866294
343,luanda,-8.8368,13.2343,26.0,94,75,0.51,AO,1733866159
344,lagoa,39.05,-27.9833,17.23,82,99,7.67,PT,1733866296
345,kwang binh,17.4833,106.6,22.18,95,100,1.26,VN,1733866297
346,pocone,-16.2567,-56.6228,30.89,55,79,0.06,BR,1733866299
347,kiffa,16.6166,-11.4045,24.41,14,99,3.27,MR,1733866300
348,bridgewater,44.3835,-64.5155,3.82,94,100,7.2,CA,1733866300
349,bonanza,14.0289,-84.591,25.3,83,26,1.78,NI,1733866302
350,isabela,6.7085,121.9711,25.03,93,100,3.03,PH,1733866303
351,zaysan,47.4667,84.8667,-16.28,81,97,1.49,KZ,1733866304
352,quang ngai,15.1167,108.8,22.3,97,100,1.85,VN,1733866305
353,pangody,65.85,74.4859,-12.44,94,100,6.32,RU,1733866306
354,mertoyudan,-7.52,110.2264,22.44,92,93,1.01,ID,1733866307
355,pemangkat,1.1667,108.9667,26.09,90,100,2.89,ID,1733866309
356,qamdo,31.1667,97.2333,-6.77,46,0,1.52,CN,1733866310
357,korla,41.7597,86.1469,-7.23,88,85,3.21,CN,1733866311
358,sciacca,37.5082,13.0881,9.8,76,20,1.56,IT,1733866312
359,farnham,51.2143,-0.7959,7.08,83,75,6.69,GB,1733866093
360,sakakah,29.9697,40.2064,9.76,50,50,0.9,SA,1733866298
361,tannum sands,-23.9504,151.3693,28.19,78,100,4.63,AU,1733866315
362,launceston,-41.45,147.1667,12.8,71,58,7.72,AU,1733866316
363,nava,28.4167,-100.7667,16.07,25,36,11.6,MX,1733866318
364,saudarkrokur,65.7461,-19.6394,-0.31,80,100,1.71,IS,1733866319
365,porto novo,6.4965,2.6036,27.9,75,4,3.03,BJ,1733866119
366,palikir - national government center,6.9248,158.1611,29.41,79,100,6.17,FM,1733866321
367,pandan,14.0453,124.1694,26.16,89,100,5.12,PH,1733866322
368,cimitarra,6.3142,-73.9497,29.29,74,34,0.58,CO,1733866323
369,susuman,62.7833,148.1667,-30.71,99,99,1.74,RU,1733866324
370,antalaha,-14.9003,50.2788,22.44,88,48,3.25,MG,1733866326
371,sikonge,-5.6333,32.7667,18.21,87,51,2.05,TZ,1733866327
372,oranjemund,-28.55,16.4333,17.23,94,18,5.67,NA,1733866328
373,bel ombre,-4.6167,55.4167,25.91,89,40,1.03,SC,1733866329
374,mabaruma,8.2,-59.7833,23.41,98,94,1.05,GY,1733866330
375,dabhol,17.6,73.1667,22.56,64,7,1.6,IN,1733866331
376,akjoujt,19.6969,-14.4164,22.13,11,90,3.51,MR,1733866332
377,nejo,9.5,35.5,15.92,56,33,0.61,ET,1733866333
378,vila franca do campo,37.7167,-25.4333,18.27,99,100,2.41,PT,1733866334
379,suihua,46.6406,126.9969,-24.13,97,6,1.63,CN,1733866335
380,fort st. john,56.2499,-120.8529,-9.06,92,40,4.63,CA,1733866205
381,kerikeri,-35.2268,173.9474,20.51,94,98,0.45,NZ,1733866338
382,kidal,18.4411,1.4078,21.43,17,61,3.08,ML,1733866339
383,nuuk,64.1835,-51.7216,-6.66,73,40,8.23,GL,1733866340
384,ivins,37.1686,-113.6794,8.97,26,0,0.89,US,1733866341
385,kyshtovka,56.555,76.6271,-10.41,94,100,6.31,RU,1733866342
386,tarana,23.3333,76.0333,10.68,43,69,3.0,IN,1733866344
387,male,4.1748,73.5089,27.97,78,75,2.06,MV,1733866112
388,maralal,1.0968,36.698,14.2,83,25,2.64,KE,1733866346
389,saldanha,-33.0117,17.9442,18.19,94,0,5.63,ZA,1733866347
390,slagelse,55.4028,11.3546,1.36,100,16,0.85,DK,1733866348
391,mogok,22.9167,96.5,10.98,83,71,1.01,MM,1733866349
392,glazunovka,52.4986,36.3275,0.47,86,99,1.51,RU,1733866350
393,masterton,-40.9597,175.6575,19.65,43,100,3.46,NZ,1733866351
394,magadan,59.5667,150.8,-19.47,82,70,4.96,RU,1733866353
395,challapata,-18.9,-66.7667,16.38,44,100,5.14,BO,1733866354
396,nanning,22.8167,108.3167,17.25,91,100,2.32,CN,1733866355
397,muli,2.9167,73.5667,27.03,76,88,1.72,MV,1733866357
398,concepcion,-36.827,-73.0498,17.89,59,0,8.23,CL,1733866315
399,nagqu,31.5,92.0,-13.32,32,0,1.12,CN,1733866359
400,dunedin,-45.8742,170.5036,17.85,49,92,3.44,NZ,1733866348
401,chimoio,-19.1164,33.4833,23.92,60,20,0.92,MZ,1733866361
402,ustka,54.5805,16.8619,2.96,86,94,1.2,PL,1733866363
403,al jawf,29.5,38.75,12.31,44,26,3.57,SA,1733866364
404,colonia,50.9333,6.95,6.09,81,100,2.06,DE,1733866365
405,vallenar,-28.5708,-70.7581,21.99,41,100,2.58,CL,1733866366
406,puerto del rosario,28.5004,-13.8627,18.86,59,40,8.23,ES,1733866367
407,revda,56.801,59.9303,-6.23,85,100,6.79,RU,1733866369
408,mount pearl,47.5166,-52.7813,-1.82,79,40,2.57,CA,1733866370
409,la'ie,21.6477,-157.9253,27.66,74,22,3.13,US,1733866371
410,massawa,15.6097,39.45,27.03,64,0,2.52,ER,1733866372
411,guozhen,34.3659,107.359,0.83,71,97,2.09,CN,1733866373
412,darda,45.6281,18.6997,4.97,90,100,1.93,HR,1733866374
413,flying fish cove,-10.4217,105.6791,24.82,94,100,4.63,CX,1733866375
414,kas,36.2018,29.6377,15.28,85,100,1.22,TR,1733866376
415,childress,34.4264,-100.204,9.14,31,0,5.66,US,1733866378
416,neryungri,56.6709,124.6491,-17.66,92,100,5.52,RU,1733866379
417,namibe,-15.1961,12.1522,22.75,79,100,3.09,AO,1733866380
418,holualoa,19.6228,-155.9522,26.42,66,0,5.14,US,1733866381
419,ust'-uda,54.1742,103.0304,-25.59,100,83,0.41,RU,1733866382
420,taoudenni,22.6783,-3.9836,21.56,13,100,2.44,ML,1733866383
421,usinsk,65.9939,57.5281,-4.13,95,100,8.22,RU,1733866384
422,adrar,20.5022,-10.0711,18.74,14,100,1.85,MR,1733866386
423,remire-montjoly,4.9167,-52.2667,28.02,78,20,3.6,GF,1733866387
424,mayahi,13.9553,7.6712,23.13,23,61,4.51,NE,1733866388
425,enoch,37.7733,-113.0244,4.71,38,0,5.14,US,1733866389
426,yaren,-0.5472,166.916,27.79,79,71,4.94,NR,1733866390
427,kurchum,48.5722,83.6542,-17.27,92,74,0.59,KZ,1733866391
428,eenhana,-17.4667,16.3333,26.31,33,84,2.85,NA,1733866392
429,nelson bay,-32.7167,152.15,22.84,71,97,1.79,AU,1733866393
430,lerma,42.0261,-3.7598,0.2,94,53,3.23,ES,1733866394
431,arteche,12.2645,125.4048,26.52,89,98,4.11,PH,1733866395
432,simbach am inn,48.2667,13.0167,2.96,64,100,0.89,DE,1733866397
433,javanrud,34.7961,46.5172,4.4,62,31,2.01,IR,1733866398
434,saint-joseph,-21.3667,55.6167,24.21,83,81,6.03,RE,1733866400
435,port macquarie,-31.4333,152.9167,21.71,82,38,2.24,AU,1733866401
436,viedma,-40.8135,-62.9967,20.2,50,25,10.56,AR,1733866253
437,es castell,39.8795,4.2854,6.38,87,20,4.12,ES,1733866403
438,chhor,25.5167,69.7667,14.88,27,0,3.32,PK,1733866404
439,tambura,5.6,27.4667,24.9,32,17,1.84,SS,1733866405
440,tabuk,17.4189,121.4443,21.83,96,100,0.45,PH,1733866407
441,kayyerkan,69.3786,87.7439,-12.46,90,100,6.79,RU,1733866408
442,andergrove,-21.0833,149.1833,27.13,76,76,4.9,AU,1733866409
443,terenozek,45.05,64.9833,-9.65,74,2,2.86,KZ,1733866411
444,al ghayzah,16.2079,52.176,22.22,64,44,3.11,YE,1733866412
445,bosa,40.2993,8.4983,9.74,82,69,2.95,IT,1733866413
446,eldorado,-23.7869,-54.2836,24.36,80,77,0.68,BR,1733866396
447,kristiansund,63.1115,7.732,6.36,70,75,3.6,NO,1733866415
448,kita,13.0349,-9.4895,25.99,22,100,1.8,ML,1733866417
449,stephenville,32.2207,-98.2023,7.36,48,100,6.69,US,1733866234
450,ar rutbah,33.0381,40.2848,11.76,51,100,1.62,IQ,1733866419
451,anar darah,32.7587,61.654,1.98,47,0,4.43,AF,1733866420
452,brookings,44.3114,-96.7984,-1.0,85,100,6.17,US,1733866295
453,sao gotardo,-19.3111,-46.0489,19.59,93,98,4.43,BR,1733866422
454,sabang,5.8933,95.3214,26.28,85,100,8.54,ID,1733866423
455,dapa,9.7594,126.0531,26.19,86,97,1.36,PH,1733866424
456,upata,8.0086,-62.3989,24.74,77,79,2.53,VE,1733866425
457,kuanda,56.3161,116.0806,-22.85,97,99,0.14,RU,1733866426
458,buka,40.8108,69.1986,-3.41,56,0,1.58,UZ,1733866428
459,qusmuryn,52.4503,64.6311,-7.01,76,100,7.7,KZ,1733866429
460,nadi,-17.8,177.4167,29.0,65,20,1.54,FJ,1733866430
461,florida,28.7505,-82.5001,26.59,57,40,2.06,US,1733866431
462,newman,37.3138,-121.0208,15.87,33,48,2.21,US,1733866432
463,tchintabaraden,15.8969,5.7985,23.45,22,100,4.7,NE,1733866433
464,kijang,35.2442,129.2139,0.85,33,84,1.97,KR,1733866435
465,aykol,38.1751,77.2132,-6.6,66,45,2.63,CN,1733866436
466,ciudad lazaro cardenas,17.9583,-102.2,28.14,71,4,3.45,MX,1733866437
467,courtenay,49.6866,-124.9936,6.64,87,100,1.03,CA,1733866166
468,san ignacio rio muerto,27.4167,-110.2333,28.98,9,4,7.67,MX,1733866439
469,gualeguaychu,-33.0094,-58.5172,27.16,41,0,3.01,AR,1733866159
470,port isabel,26.0734,-97.2086,17.02,87,100,8.05,US,1733866441
471,talcahuano,-36.7167,-73.1167,17.82,59,0,8.23,CL,1733866443
472,vlasim,49.7063,14.8988,-0.16,92,100,2.96,CZ,1733866444
473,karlovac,45.4872,15.5478,3.94,93,100,0.85,HR,1733866445
474,guerrero negro,27.9769,-114.0611,23.7,21,19,3.03,MX,1733866446
475,bereznik,62.8551,42.7072,0.76,94,100,4.09,RU,1733866447
476,inhambane,-23.865,35.3833,24.5,82,62,3.88,MZ,1733866448
477,markovo,57.3206,107.0881,-13.21,88,100,4.86,RU,1733866449
478,port alberni,49.2413,-124.8028,6.63,88,100,0.89,CA,1733866235
479,sur,22.5667,59.5289,21.99,61,4,3.27,OM,1733866452
480,yorkton,51.2167,-102.4677,-20.09,71,75,7.2,CA,1733866453
481,visakhapatnam,17.69,83.2093,24.25,83,100,2.6,IN,1733866177
482,bodaybo,57.8506,114.1933,-13.32,89,100,3.84,RU,1733866455
483,tsuyama,35.05,134.0,3.85,83,100,1.35,JP,1733866456
484,governador valadares,-18.8511,-41.9494,26.84,65,71,1.73,BR,1733866457
485,laguna,38.421,-121.4238,13.95,68,0,0.45,US,1733866458
486,tucumcari,35.1717,-103.725,5.91,33,20,4.12,US,1733866459
487,dhidhdhoo,6.8833,73.1,27.5,70,44,0.41,MV,1733866460
488,codrington,-38.2667,141.9667,15.26,66,21,4.65,AU,1733866461
489,kralendijk,12.15,-68.2667,28.99,70,40,7.2,BQ,1733866462
490,saint-philippe,-21.3585,55.7679,24.42,86,88,5.94,RE,1733866465
491,ilha de mocambique,-15.0342,40.7358,27.4,83,98,2.1,MZ,1733866466
492,tympaki,35.0729,24.7685,16.53,82,100,2.02,GR,1733866467
493,al artawiyah,26.5053,45.3444,12.43,43,3,2.74,SA,1733866468
494,pitimbu,-7.4706,-34.8086,26.31,71,2,3.93,BR,1733866470
495,harstad,68.799,16.5293,0.64,96,100,16.54,NO,1733866471
496,labytnangi,66.6572,66.4183,-9.94,97,100,3.37,RU,1733866472
497,northam,51.0333,-4.2167,6.6,77,99,7.06,GB,1733866473
498,keflavik,64.0049,-22.5624,2.24,80,75,5.66,IS,1733866474
499,san ignacio de velasco,-16.3667,-60.95,25.34,87,96,1.34,BO,1733866475
500,galesong,-5.3166,119.3661,25.77,81,100,2.81,ID,1733866476
501,amalapuram,16.5833,82.0167,23.26,90,99,1.3,IN,1733866477
502,port shepstone,-30.7414,30.455,23.33,87,76,3.24,ZA,1733866479
503,gilgit,35.9221,74.3087,-1.68,60,100,2.37,PK,1733866480
504,sacramento,38.4666,-121.3177,14.23,69,0,0.45,US,1733866333
505,kanggye,40.9695,126.5852,-10.11,97,24,0.86,KP,1733866482
506,belleville,44.1788,-77.3705,7.28,100,100,1.9,CA,1733866465
507,micheweni,-4.9667,39.8333,26.25,87,50,3.17,TZ,1733866484
508,tadine,-21.55,167.8833,27.97,69,0,3.68,NC,1733866485
509,tutong,4.8,114.65,25.46,90,92,1.24,BN,1733866486
510,fengxiang,47.5833,130.8333,-20.36,95,5,2.6,CN,1733866488
511,ilabaya,-17.4208,-70.5133,21.58,54,91,2.16,PE,1733866489
512,tarija,-21.5355,-64.7296,22.95,53,75,5.14,BO,1733866273
513,polgar,47.8667,21.1167,2.27,78,98,3.6,HU,1733866491
514,gumdag,39.2061,54.5906,1.22,53,3,5.9,TM,1733866492
515,cranbrook,49.4999,-115.7688,-2.09,74,75,0.0,CA,1733866493
516,urangan,-25.3,152.9,22.82,86,100,3.78,AU,1733866494
517,petukhovo,55.0692,67.9019,-8.69,90,98,6.97,RU,1733866495
518,puerto santa,-8.9906,-78.6456,20.01,81,67,4.02,PE,1733866496
519,chibougamau,49.9168,-74.3659,-4.21,93,100,5.66,CA,1733866339
520,mugia,43.1041,-9.2179,10.72,78,1,6.71,ES,1733866499
521,alta,69.9689,23.2717,0.59,80,100,4.12,NO,1733866500
522,cam ranh,11.9214,109.1591,23.98,88,75,5.14,VN,1733866501
523,okhotsk,59.3833,143.3,-19.73,83,69,7.71,RU,1733866502
524,kayangel,8.0823,134.7173,26.76,88,99,7.37,PW,1733866504
525,smara,26.7384,-11.6719,14.39,70,2,3.74,EH,1733866505
526,downpatrick,54.3263,-5.7035,2.8,86,49,1.76,GB,1733866506
527,ulladulla,-35.35,150.4667,19.07,67,38,1.34,AU,1733866507
528,waddan,29.1614,16.139,17.01,32,99,3.22,LY,1733866510
529,oliver,49.1831,-119.5524,0.95,69,41,0.51,CA,1733866511
530,kavieng,-2.5744,150.7967,28.57,73,48,0.87,PG,1733866512
531,ocos,14.5094,-92.1933,28.29,66,0,2.5,GT,1733866513
532,am timan,11.0297,20.2827,25.16,22,28,3.01,TD,1733866514
533,toliara,-23.35,43.6667,26.14,68,0,3.46,MG,1733866517
534,coahuayana de hidalgo,18.7,-103.6583,31.01,54,2,2.32,MX,1733866518
535,karachi,24.9056,67.0822,10.9,46,1,1.54,PK,1733866084
536,khandyga,62.6667,135.6,-34.2,100,99,0.23,RU,1733866520
537,palmer,42.1584,-72.3287,3.08,77,100,3.09,US,1733866521
538,cidreira,-30.1811,-50.2056,19.92,87,99,6.94,BR,1733866523
539,tommot,58.9564,126.2925,-14.75,93,100,4.58,RU,1733866525
540,fortuna,40.5982,-124.1573,15.55,52,0,3.09,US,1733866526
541,jiuquan,39.7432,98.5174,-9.78,67,28,2.47,CN,1733866527
542,yichang,30.7144,111.2847,3.96,78,74,0.77,CN,1733866528
543,novodvinsk,64.4165,40.8122,0.86,98,100,3.88,RU,1733866529
544,beloretsk,53.9631,58.3981,-8.37,90,100,5.16,RU,1733866530
545,trincomalee,8.5711,81.2335,25.75,89,100,5.21,LK,1733866531
546,puerto leguizamo,-0.1934,-74.7819,25.24,97,85,0.59,CO,1733866532
547,freetown,8.484,-13.2299,26.84,78,40,2.57,SL,1733866533
548,krasnyy chikoy,50.3643,108.7512,-31.28,100,64,0.52,RU,1733866534
549,ilha solteira,-20.4328,-51.3425,24.75,88,91,1.67,BR,1733866536
550,cockburn town,21.4612,-71.1419,26.98,83,40,6.17,TC,1733866537
551,port augusta,-32.5,137.7667,19.6,49,0,6.47,AU,1733866538
552,sha tin,22.3812,114.1931,21.8,78,100,3.58,CN,1733866539
553,kargasok,59.0556,80.8572,-12.94,92,100,6.95,RU,1733866272
554,portland,45.5234,-122.6762,7.67,84,100,2.24,US,1733866345
555,nema,57.5067,50.5011,-5.31,85,100,6.28,RU,1733866542
556,sinan,34.8262,126.1086,7.61,63,100,7.93,KR,1733866543
557,malabar,-33.9667,151.25,22.58,67,75,3.09,AU,1733866544
